Aujourd'hui20:38,iPhone 7 Plus comme neuf,Marrakech,2 900,
Aujourd'hui20:37,telephone,Casablanca,550,
Aujourd'hui20:36,One plus 6 T,Casablanca,3 300,
Aujourd'hui20:33,Samsung a20s,Bouskoura,1 400,
Aujourd'hui20:32,hwawi P20 pro,Oujda,2 700,
Aujourd'hui20:32,Huawei mate 7 écran cassé,Tanger,400,
Aujourd'hui20:30,Samsung s8,Agadir, ,
Aujourd'hui20:29,Huawei P30 Lite,Casablanca,2 000,
Aujourd'hui20:29,iphone 11 pro,Casablanca, ,
Aujourd'hui20:28,One plus 7 pro,Casablanca,5 800,
Aujourd'hui20:23,grand prim,Casablanca, ,
Aujourd'hui20:21,tele grand prime,Casablanca, ,
Aujourd'hui20:17,SAMSUNG GALAXY,Casablanca,2 800,
Aujourd'hui20:15,iphone 7 BLACK,Agadir,2 100,
Aujourd'hui20:14,samsung Galaxy Note 3,Salé,1 200,
Aujourd'hui20:13,Huawei P8 Lite - 4G - 16GB ROM - 2GB RAM,Casablanca,700,
Aujourd'hui20:03,Samsung Gear S3 frontier - Presque neuve,Casablanca,1 700,
Aujourd'hui20:03,hwuawei,Fès, ,
Aujourd'hui20:03,IPhone Infinix oppo samsung huawei Original LCD,Casablanca, ,
Aujourd'hui20:02,SONY XPERIA XZs - 4G - 32GB ROM - 4GB RAM,Casablanca,1 000,
Aujourd'hui20:00,11 pro max/Mate/tab S6/Apple/p30 pro/note/oneplus,Casablanca, ,
Aujourd'hui19:59,Iphone 8 64 G,Casablanca,2 900,
Aujourd'hui19:58,/0988AA/ Montre Tracker Avec Localisation GSM/GPS,Marrakech,699,
Aujourd'hui19:55,Samsung A10,Rabat,1 000,
Aujourd'hui19:55,Samsung a 50,Casablanca,2 000,
Aujourd'hui19:55,Phone Ethernet Network Business Avaya 4621SW,Rabat,690,
Aujourd'hui19:55,هواتف للبيع و التوصيل لجميع المدن,Kénitra, ,
Aujourd'hui19:51,Huawei P9 Lite Smart 4G - 16GB ROM - 2GB RAM,Casablanca,750,
Aujourd'hui19:45,Gigaset Gs80 - 4G - 8GB ROM - 1GB RAM,Casablanca,500,
Aujourd'hui19:45,Samsung A50 S,Kénitra,2 200,
Aujourd'hui19:44,infinix hot 8 64 gb 4 ram,Casablanca,1 199,
Aujourd'hui19:42,Samsung j1 6,Salé,400,
Aujourd'hui19:42,Iphone xr 128gb,Casablanca,4 900,
Aujourd'hui19:41,Iphone 6 s plus 32 G,Casablanca,2 000,
Aujourd'hui19:40,Iphone xs max 64gb,Casablanca,6 600,
Aujourd'hui19:40,Xiaomi Sharck 2 neuf ran 12 Go,Meknès,4 300,
Aujourd'hui19:40,Samsung M20,Tanger,1 400,
Aujourd'hui19:39,Air pods pro,Casablanca,2 800,
Aujourd'hui19:39,InFocus Vzh - 4G - 16GB ROM - 2GB RAM,Casablanca,500,
Aujourd'hui19:39,Samsung A51,Casablanca,2 800,
Aujourd'hui19:37,Samsung Galaxy S9 Plus,Oujda,4 500,
Aujourd'hui19:26,Salam grand prime plus 8gb 4G 2ram,Casablanca,500,
Aujourd'hui19:26,oppo f11,Casablanca,2 100,
Aujourd'hui19:25,Iphone 8 64g,Casablanca,2 750,
Aujourd'hui19:25,Iphone 7 plus 32 G,Casablanca,3 300,
Aujourd'hui19:24,Iphone x 256gb,Casablanca,5 200,
Aujourd'hui19:24,iphone 7 128Gb,Meknès,2 000,
Aujourd'hui19:24,One plus 7,Casablanca,3 500,
Aujourd'hui19:23,Iphone x 64gb,Casablanca,5 000,
Aujourd'hui19:23,Iphone X 256 G,Casablanca,4 900,
Aujourd'hui19:23,Iphone X max 64,Casablanca,6 900,
Aujourd'hui19:23,IPhone 7 Plus 128gb,Casablanca,3 200,
Aujourd'hui19:22,IPhone 7 Plus 32gb,Casablanca,2 750,
Aujourd'hui19:22,Iphone xs 64,Casablanca,5 500,
Aujourd'hui19:22,Iphone XS 256Gb,Casablanca,5 600,
Aujourd'hui19:20,Iphone xr 64gb neuf,Casablanca,5 300,
Aujourd'hui19:19,Samsung a50,Marrakech,2 500,
Aujourd'hui19:18,Huawei P20 lite,Ouarzazate,1 500,
Aujourd'hui19:18,Huawei p20 pro,El Jadida,2 400,
Aujourd'hui19:17,ZTE BLADE V7 LITE - 4G - 16GB ROM - 2GB RAM,Casablanca,650,
Aujourd'hui19:16,Samsung s7 edge,Meknès, ,
Aujourd'hui19:16,J4 plus 32G,Laâyoune,800,
Aujourd'hui19:16,Iphone xr 128gb,Casablanca,4 800,
Aujourd'hui19:16,Iphone 8 normal,Casablanca,2 900,
Aujourd'hui19:15,iphone 7 plus,Mohammedia,3 100,
Aujourd'hui19:14,Iphone 6s plus 32gb,Tétouan, ,
Aujourd'hui19:13,iPhone X,Tanger,4 600,
Aujourd'hui19:12,Iphone X 256Gb,Tanger,5 200,
Aujourd'hui19:10,j6 plus,Casablanca,1 100,
Aujourd'hui19:00,Oppo reno 2F/S10 lite/xs max/s20 plus/oneplus7 pro,Casablanca, ,
Aujourd'hui18:55,iPhone X 64GB Silver,Casablanca, ,
Aujourd'hui18:54,S10Plus 512Go,El Jadida, ,
Aujourd'hui18:53,iPhone 7 32Gb,Casablanca,2 000,
Aujourd'hui18:52,Iphone 8 plus,Casablanca,4 200,
Aujourd'hui18:51,huawei p20 pro,Marrakech, ,
Aujourd'hui18:50,Samsung a10s,Mohammedia,1 300,
Aujourd'hui18:50,iphone 5s,Mohammedia,500,
Aujourd'hui18:50,télé jamla,Berkane,450,
Aujourd'hui18:49,Iphone 8 64 G,Casablanca,2 900,
Aujourd'hui18:46,huawei p9 lite 16 g,Marrakech,900,
Aujourd'hui18:45,Samsung J7 2017,Casablanca,1 600,
Aujourd'hui18:44,samsung galaxy a50,Casablanca,2 100,
Aujourd'hui18:39,iPhone Xs Max 64Gb,Casablanca,6 700,
Aujourd'hui18:37,IPhone x 64Gb black,Casablanca,3 900,
Aujourd'hui18:30,Oneplus 7pr/ p30 pro/ 11 pro max duos/note 10 plus,Rabat, ,
Aujourd'hui18:21,iPhone 8 plus 256Gb,Casablanca,4 100,
Aujourd'hui18:21,Samsung Galaxy A10s,Casablanca,1 050,
Aujourd'hui18:18,IPhone Xr 64Gb,Casablanca,4 300,
Aujourd'hui18:18,Iphone xs max afficheur touché,Rabat,3 500,
Aujourd'hui18:18,Huawei P20 lite,Meknès,1 450,
Aujourd'hui18:16,Huawei Honor 10,Casablanca,1 400,
Aujourd'hui18:15,S8 nqi bzff,Tétouan,2 200,
Aujourd'hui18:15,Samsung galaxy core 2,Casablanca,380,
Aujourd'hui18:13,iphone Xs max 64gb,Agadir,7 200,
Aujourd'hui18:12,xiaomi redmi s2,Rabat, ,
Aujourd'hui18:11,iPhone 7 PLUS Gold ROSE 32,Fès,2 600,
Aujourd'hui18:06,iPhone 7 plus 128Gb,Casablanca,3 200,
Aujourd'hui18:06,iphone 11 Pro 64GB Gold,Meknès, ,
Aujourd'hui18:06,iPhone 6s comme neuf,Casablanca,900,
Aujourd'hui18:00,P30 pro/S10/S20 plus/iPhone 11 pro max/oneplus6T,Casablanca, ,
Aujourd'hui18:00,iPhone 11 mauve neuf,Casablanca,5 700,
Aujourd'hui18:00,Samsung M10,Agadir,1 000,
Aujourd'hui17:51,Iphone 11 pro max 256Go,Agadir,11 700,
Aujourd'hui17:48,A9 Oppo,El Jadida,2 300,
Aujourd'hui17:46,samsung galaxy S20plus,Agadir,9 900,
Aujourd'hui17:44,Galaxy A10s,Agadir,1 250,
Aujourd'hui17:43,Samsung A7,Salé,2 500,
Aujourd'hui17:42,Samsung A7,Salé,2 500,
Aujourd'hui17:40,Sony Xperia XZs,Casablanca,1 000,
Aujourd'hui17:36,Iphone 8 plus 64g officiel silver bon etat,Casablanca,4 200,
Aujourd'hui17:36,Samsung a10 sous jdida,Casablanca,1 250,
Aujourd'hui17:36,Iphone 7 plus 128g,Tanger,3 400,
Aujourd'hui17:30,y6 prim 2019 mcha9a9,Casablanca,750,
Aujourd'hui17:30,hwawei honor 5,Rabat,400,
Aujourd'hui17:26,Huawei 8x,Meknès, ,
Aujourd'hui17:21,bq aquaris x pro 64go noir,Marrakech,1 200,
Aujourd'hui17:21,iphone x 256gb,Kénitra,5 400,
Aujourd'hui17:16,oneplus 6t 128g,Rabat,3 000,
Aujourd'hui17:11,y6 prim 2019,Berrechid,900,
Aujourd'hui17:11,samsung NOTE 4,Rabat,1 100,
Aujourd'hui17:09,IPhone 7,El Jadida,2 000,
Aujourd'hui17:07,iPhone 5 se 32gb,Tétouan,750,
Aujourd'hui17:03,Xiaomi Mi Mix 2 (6g-64g 99.99/.100 neuf),Kénitra,1 790,
Aujourd'hui17:03,R IPhone 11 PRO MAX Réf Gla0N,Rabat,1 399,
Aujourd'hui17:03,Samsung S7 EDGE,Rabat,1 400,
Aujourd'hui17:02,IPhone 11 PRO MAX,Safi,1 399,
Aujourd'hui17:01,TE IPhone 11 PRO MAX,Tétouan,1 399,
Aujourd'hui17:00,Iphone 11 / p30 pro/XS max/Watch/S10 plus/ neuf,Casablanca, ,
Aujourd'hui17:00,IPhone 11 pro MAX,Agadir,1 399,
Aujourd'hui17:00,iPhone 6 plus,Casablanca,1 600,
Aujourd'hui16:59,Samsung A50 128 Gb Bleu,Rabat,2 200,
Aujourd'hui16:59,samsung s4 mini,Rabat,550,
Aujourd'hui16:59,M IPhone 11 PRO MAX à Marrakech,Marrakech,1 399,
Aujourd'hui16:58,IPhone 11 PRO MAX,Salé,1 399,
Aujourd'hui16:58,samsung s10 5G 256go neuf,Marrakech,6 300,
Aujourd'hui16:58,iphone 6S plus 128Gg,Mohammedia,2 300,
Aujourd'hui16:57,samsung a8,Rabat,1 400,
Aujourd'hui16:57,T IPhone 11 PRO MAX à Marchane,Tanger,1 399,
Aujourd'hui16:57,samsung s9 plus,Rabat,3 200,
Aujourd'hui16:56,samsung s7 edge,Rabat,1 000,
Aujourd'hui16:56,iPhone 6s,Casablanca,1 000,
Aujourd'hui16:56,huawei p20 pro 128/6gb,Marrakech,2 900,
Aujourd'hui16:56,F IPhone 11 PRO MAX 1399DH,Fès,1 399,
Aujourd'hui16:56,samsung a5 7,Rabat,800,
Aujourd'hui16:56,TE IPhone 11 PRO MAX à Taanger,Tanger,1 399,
Aujourd'hui16:55,samsung a8,Temara,1 400,
Aujourd'hui16:55,/./ NOIIIR IPHONE 11 PRO MAX NEUVE,Casablanca,1 400,
Aujourd'hui16:54,samsung s3,Salé,550,
Aujourd'hui16:54,samsung a8,Salé,1 400,
Aujourd'hui16:54,iPhone 6S Plus,Rabat,1 600,
Aujourd'hui16:53,samsung s4 mini,Temara,550,
Aujourd'hui16:53,samsung s9 plus,Salé,3 200,
Aujourd'hui16:53,samsung s3,Temara,550,
Aujourd'hui16:53,samsung s7 edge,Salé,1 000,
Aujourd'hui16:52,OPPO RENO F,Oujda,3 100,
Aujourd'hui16:52,galaxy A10s 6.2 4G 32G noir,Casablanca, ,
Aujourd'hui16:51,IPhone 11 PRO MAX,Safi,1 399,
Aujourd'hui16:51,C IPhone 11 PRO MAX,Casablanca,1 399,
Aujourd'hui16:51,M IPhone 11 PRO MAX à Marrakech,Marrakech,1 399,
Aujourd'hui16:51,smartphone A9 2020,Khénifra,2 300,
Aujourd'hui16:50,samsung a5 7,Salé,800,
Aujourd'hui16:50,iPhone 7 128g,Casablanca, ,
Aujourd'hui16:50,LG G8 thinq 128go/6gb,Marrakech,2 800,
Aujourd'hui16:49,IPhone 11 PRO MAX H Q à Meknès,Meknès,1 399,
Aujourd'hui16:49,samsung s9 plus,Temara,3 200,
Aujourd'hui16:49,sl IPHONE 11 PRO MAX Réf kl4da,Casablanca,1 400,
Aujourd'hui16:48,fs IPHONE 11 PRO MAX à Fès,Fès,1 400,
Aujourd'hui16:48,samsung s7 edge,Temara,1 000,
Aujourd'hui16:48,Razer Phone 2,Meknès, ,
Aujourd'hui16:47,mf IPhone 11 pro MAX,Casablanca,1 400,
Aujourd'hui16:47,32go stockage s6normal,Casablanca, ,
Aujourd'hui16:47,sf IPHONE 11 PRO MAX à Safi,Safi,1 400,
Aujourd'hui16:47,ej IPHONE 11 PRO MAX à El Jadida,El Jadida,1 400,
Aujourd'hui16:47,IPhone 11 pro MAX Réf t0NOi,Meknès,1 400,
Aujourd'hui16:46,samsung a5 7,Temara,800,
Aujourd'hui16:45,Samsung A50,Rabat,1 900,
Aujourd'hui16:45,archos 50 saphir,Kénitra,1 500,
Aujourd'hui16:44,one plus 7t 256go/8gb,Marrakech,5 800,
Aujourd'hui16:44,iphone 11 pro,Agadir, ,
Aujourd'hui16:43,infinix note 4,Casablanca,850,
Aujourd'hui16:43,B IPhone 11 PRO MAX,Béni Mellal,1 399,
Aujourd'hui16:42,Samsung s8 plus,Fès,2 500,
Aujourd'hui16:41,Smart watch neuve,Casablanca,150,
Aujourd'hui16:36,xiaomi note 7 128 gb,Marrakech,1 750,
Aujourd'hui16:36,huawei mate 30 pro 256g,Marrakech,7 300,
Aujourd'hui16:35,silver iphone SE,Casablanca, ,
Aujourd'hui16:34,google pixel 3xl 128 gb,Marrakech,1 850,
Aujourd'hui16:31,HTC one m7,Salé, ,
Aujourd'hui16:29,Smart Watch,Fès,300,
Aujourd'hui16:25,Sony Xperia XZ Premium( 4g.64g 99.99/.100 neuf),Kénitra,1 290,
Aujourd'hui16:24,iphone 6s 32GB ROSE,Casablanca,1 350,
Aujourd'hui16:21,Infinix hot 5,Rabat,700,
Aujourd'hui16:12,Xiaomi Mi 9-T (6g-128 Presque neuf ),Kénitra,2 690,
Aujourd'hui16:11,La montre la Maine,Fès,300,
Aujourd'hui16:11,Samsung galaxy a50 128g blue double sim etat neuf,Casablanca,2 400,
Aujourd'hui16:11,Iphone 6s gold rose 32GB,Casablanca,1 400,
Aujourd'hui16:10,Lumia 640 lte,Casablanca,300,
Aujourd'hui16:04,huawei mate 20 pro,Agadir,3 800,
Aujourd'hui16:03,هاتف ذكي,Fès,1 100,
Aujourd'hui15:59,iPhone 7 128GB Black,Tanger,1 700,
Aujourd'hui15:59,IPHONE 8,Sidi Kacem,2 800,
Aujourd'hui15:59,Galaxy S3,Béni Mellal, ,
Aujourd'hui15:58,Iphone 8 plus,Rabat,4 000,
Aujourd'hui15:57,Oppo F5,Marrakech,1 000,
Aujourd'hui15:56,Xiaomi Mi9t 256gb-8gb RAM,Tanger,7 000,
Aujourd'hui15:56,Samsung A2 Core,Tanger,550,
Aujourd'hui15:56,asus zenfone 5z,Casablanca, ,
Aujourd'hui15:55,samsung j3/6,Kénitra, ,
Aujourd'hui15:55,Iphone 6 gris128gb,Casablanca,1 450,
Aujourd'hui15:53,Iphone xs max 256gb,Kénitra,7 200,
Aujourd'hui15:50,s 5 afficher cassé,Casablanca,200,
Aujourd'hui15:49,accent,Béni Mellal,100,
Aujourd'hui15:48,A7 2016,Khemisset,1 000,
Aujourd'hui15:47,A5 7,Casablanca, ,
Aujourd'hui15:46,Nokia 2.1 neuf Boîte fermé,Casablanca,550,
Aujourd'hui15:44,A30S 64gb/4ram jdida,Casablanca, ,
Aujourd'hui15:39,oppo A5s,Marrakech,1 250,
Aujourd'hui15:37,infinix Smart Smart N9i Fih ghir ch9a fel glas,Agadir,600,
Aujourd'hui15:34,Apple Watch 4,Casablanca,4 500,
Aujourd'hui15:34,iphone 11 pro max 256Go new,Tétouan,13 000,
Aujourd'hui15:34,samsung S9,El Jadida,2 500,
Aujourd'hui15:30,huawei y7 prime 2018,Casablanca,1 400,
Aujourd'hui15:30,Active 2/p30 pro/iphone 11 pro/S10 plus/S20 plus,Rabat, ,
Aujourd'hui15:29,Psmart2019,Oujda,1 400,
Aujourd'hui15:29,Huwaei Y6,Marrakech,1 000,
Aujourd'hui15:29,iPhone 6.s,Casablanca,1 300,
Aujourd'hui15:29,M10,Marrakech,1 000,
Aujourd'hui15:29,Redmi,Rabat, ,
Aujourd'hui15:22,Samsung Galaxy j7 pro,Rabat,900,
Aujourd'hui15:22,A50 128 g 6 ram,Casablanca,2 200,
Aujourd'hui15:21,A30,Casablanca,1 700,
Aujourd'hui15:19,A50 128G,Casablanca,220,
Aujourd'hui15:19,accent,Meknès,60,
Aujourd'hui15:18,Samsung Galaxy S10e,El Jadida,3 000,
Aujourd'hui15:17,A30 n9i 4g ram o 64 dsque dur,Agadir,1 450,
Aujourd'hui15:17,Tout les iphones en garantie,Kénitra, ,
Aujourd'hui15:16,Samsung j7 6,Rabat,1 000,
Aujourd'hui15:14,Samsung j7 6,Temara,1 000,
Aujourd'hui15:13,iphone 8 plus,Agadir,4 500,
Aujourd'hui15:11,Iphone 6 plus 128g,El Jadida,1 800,
Aujourd'hui15:10,s9 plus 128g ou 6g fe ram li bghah merhba,Agadir,4 000,
Aujourd'hui15:01,one plus 7 tpro,Casablanca,6 200,
Aujourd'hui15:00,IPhone 7 comme neuf à vendre,Rabat,2 100,
Aujourd'hui14:59,HUAWEI mate 30,Casablanca,6 300,
Aujourd'hui14:56,galaxy j8,Oujda,1 500,
Aujourd'hui14:53,samsung s10e 6gb/128,Agadir, ,
Aujourd'hui14:53,Infinix samrt 2,Casablanca,750,
Aujourd'hui14:53,redmi note 8,Marrakech,1 850,
Aujourd'hui14:48,HUAWEI Y5 Prime 2018,Mohammedia,650,
Aujourd'hui14:43,تلفون باقي جديد باغي نبدلو بشي كمبيوتر,Tanger,1 200,
Aujourd'hui14:42,s9 neuf,Ratba,2 500,
Aujourd'hui14:38,j4 plus rose 32gb,Casablanca,1 100,
Aujourd'hui14:37,hotwav v 17,Casablanca,200,
Aujourd'hui14:35,IPhone X 64Gb,Tanger,4 800,
Aujourd'hui14:33,Hwawie y5 prim neuf jamais utilisé,Casablanca,1 000,
Aujourd'hui14:31,COMME NEUF IPHONE XS MAX 256GB GRAY // ANDI MA7AL,Agadir,8 000,
Aujourd'hui14:31,ULEPHONE MIX 64 GB,Tanger,950,
Aujourd'hui14:31,sumsang a30 bonne etat,Fès, ,
Aujourd'hui14:30,Portable Huawei Y7 Prime 2018,Marrakech,900,
Aujourd'hui14:30,Iphone 8 plus 64,Marrakech,4 500,
Aujourd'hui14:27,Huawei P30 Pro 256gb,Fès,4 800,
Aujourd'hui14:27,iPhone 6s 64g,Fès,1 500,
Aujourd'hui14:26,OUKITEL,Salé,500,
Aujourd'hui14:26,M IPhone 11 PRO MAX à Guéliz,Marrakech,1 399,
Aujourd'hui14:26,ej IPHONE 11 PRO MAX à El Jadida,El Jadida,1 400,
Aujourd'hui14:26,IPHONE 8,Sidi Kacem, ,
Aujourd'hui14:25,Samsung NOTE 10 GALAXY,Casablanca,1 399,
Aujourd'hui14:25,Ag IPHONE 11 PRO max à Agadir,Agadir,1 400,
Aujourd'hui14:25,sl IPHONE 11 PRO MAX Réf 9HUvk,Fquih Ben Saleh,1 400,
Aujourd'hui14:24,IPhone 11 pro MAX Réf oQLdo,Marrakech,1 399,
Aujourd'hui14:24,Samsung NOTE 10 PLUS GALAXY à Aviation,Tanger,1 399,
Aujourd'hui14:23,TET IPhone 11 pro MX Réf qamo6,Tétouan,1 399,
Aujourd'hui14:23,IPhone 11 pro MAX Réf Enkfy,Casablanca,1 399,
Aujourd'hui14:23,IPhone 11 pro MAX FS à Fès,Fès,1 399,
Aujourd'hui14:23,IPhone 11 pro MAX RT Réf ZVZzR,Rabat,1 399,
Aujourd'hui14:21,oppo,Salé,750,
Aujourd'hui14:20,Apple serie 4,Mohammedia,4 900,
Aujourd'hui14:20,IPHONE 11 PRO 256GB SILVER,Agadir, ,
Aujourd'hui14:20,IPHONE 11 PRO MAX 64G EMBALLE // ANDI MA7AL,Agadir,12 000,
Aujourd'hui14:20,Iphone xr,Mohammedia,6 900,
Aujourd'hui14:20,iPhone 7,Fès, ,
Aujourd'hui14:20,Samsung A70 coral,Mohammedia,3 600,
Aujourd'hui14:19,Samsung S10 et S10 plus état neuf,Kénitra, ,
Aujourd'hui14:19,Original LA maisom Afficheur j7 pro Garantie,Casablanca,639,
Aujourd'hui14:17,iphone 8 neuf,Mohammedia,4 700,
Aujourd'hui14:17,Iphone 11 et 11 pro,Mohammedia,8 300,
Aujourd'hui14:16,Iphone pro max,Mohammedia,13 900,
Aujourd'hui14:15,IPhone XS et XS MAX,Mohammedia,8 300,
Aujourd'hui14:15,Huawei p20 pro,Fès,2 800,
Aujourd'hui14:15,Iphone x,Mohammedia,6 900,
Aujourd'hui14:15,Samsung s10 plus ceramic,Mohammedia,6 800,
Aujourd'hui14:14,Samsung s10 rouge,Mohammedia,5 900,
Aujourd'hui14:14,Galaxy Gear Sport,Casablanca,1 000,
Aujourd'hui14:13,Apple watch serie 5,Mohammedia,6 300,
Aujourd'hui14:13,iPhone 6 64 Go,Casablanca,1 500,
Aujourd'hui14:12,Samsung note 10 plus,Casablanca,7 100,
Aujourd'hui14:10,هواوي y7,Ksar el-Kebir, ,
Aujourd'hui14:06,telephone,Ksar el-Kebir,1 050,
Aujourd'hui14:05,Samsung A51,Casablanca,2 850,
Aujourd'hui14:04,samsung galaxy A9,El Jadida,2 600,
Aujourd'hui14:03,iPhone 7 Plus 128gb rouge,Marrakech,3 200,
Aujourd'hui14:03,Sumsung Note,Rabat,500,
Aujourd'hui14:03,Xiaomi Mi 9-SE (64g.6g Noir 99.99/.100 neuf),Kénitra,1 890,
Aujourd'hui14:00,Samsung Galaxy A80,El Jadida,3 500,
Aujourd'hui13:59,iphone 7 plus,El Jadida,2 500,
Aujourd'hui13:58,Nokia Lumia,Rabat,250,
Aujourd'hui13:57,Fanvil X5/X5G Téléphone IP VoIP SIP,Casablanca, ,
Aujourd'hui13:55,Samsung Galaxy Note 10 Lite,Casablanca,5 500,
Aujourd'hui13:55,Téléphone IP Cisco 7821 Ref CP-7821-K9,Rabat, ,
Aujourd'hui13:48,iPhone 8plus,Fès,4 300,
Aujourd'hui13:46,Tele j5 pro,Marrakech,1 000,
Aujourd'hui13:40,Oppo f9 64g,Casablanca,1 600,
Aujourd'hui13:40,Afficheur Samsung Galaxy J4PLUS/J6 PLUS Original,Casablanca,550,
Aujourd'hui13:38,samsung a20s jdida avendre,Temara, ,
Aujourd'hui13:37,a70 neuf,Rabat,2 700,
Aujourd'hui13:36,Huaweip30 normal,Ben Guerir,3 350,
Aujourd'hui13:35,P8 lite 2017,Khénifra, ,
Aujourd'hui13:35,Samsung galaxy s9,El Jadida,2 100,
Aujourd'hui13:34,Xiaomi redmi Note 8 (64g et 32g 99.99/.100 neuf ),Kénitra,1 690,
Aujourd'hui13:33,Réparation les Afficheurs Samsung Original,Casablanca,100,
Aujourd'hui13:32,Iphone 7 Plus 256G,El Jadida,3 500,
Aujourd'hui13:32,Samsung Galaxy A51 neufs emballé,Casablanca,3 000,
Aujourd'hui13:31,IPhone 11 pro 64Go 256Go 512Go,Rabat,11 700,
Aujourd'hui13:29,Tout les reference iphone sont disponible avec liv,Casablanca, ,
Aujourd'hui13:29,Iphone 11 128 GB,Casablanca, ,
Aujourd'hui13:29,Iphone11 256GB,Casablanca, ,
Aujourd'hui13:29,Iphone 11 pro 2 sim 256 GB,Casablanca, ,
Aujourd'hui13:28,Iphone 11 pro Max 256 GB,Casablanca, ,
Aujourd'hui13:28,Iphone 11 pro Max 256 GB,Casablanca, ,
Aujourd'hui13:27,s8 plus,Salé,2 500,
Aujourd'hui13:27,Iphone 11 pro Max 64 GB,Casablanca, ,
Aujourd'hui13:27,Iphone Xs Max,El Jadida,7 000,
Aujourd'hui13:27,Iphone 11 pro Max 2 sim 256 GB,Casablanca, ,
Aujourd'hui13:26,Iphone 11 pro Max 2 sim 256 GB,Casablanca, ,
Aujourd'hui13:26,Iphone 11 pro 2 sim 256 GB,Casablanca, ,
Aujourd'hui13:26,Huawei HONOR 7A,Mohammedia,750,
Aujourd'hui13:22,Samsung s10,Rabat,3 900,
Aujourd'hui13:22,Iphone X 64gb excellent état,Rabat,4 700,
Aujourd'hui13:19,iphone 6s 16Gb bon état,Agadir,1 300,
Aujourd'hui13:19,Samsung s8 et s8 plus état neuf,Kénitra, ,
Aujourd'hui13:18,Samsung note 9,Rabat,3 800,
Aujourd'hui13:17,2*Samsung galaxy A10s,Casablanca,2 600,
Aujourd'hui13:17,bq aquaris x2 pro,Kénitra,1 200,
Aujourd'hui13:15,moto g5plus,Kénitra,900,
Aujourd'hui13:14,bq aquaris x,Kénitra,800,
Aujourd'hui13:03,Iphone 6 plus,Casablanca,1 300,
Aujourd'hui13:03,Nokia 3310,Oujda,400,
Aujourd'hui13:03,iphone 11 pro max 64Gb gold,Casablanca,10 200,
Aujourd'hui13:01,Xiaomi Redmi Note 6 PRO (4g-64g état comme neuf),Kénitra,1 290,
Aujourd'hui13:00,IPhone 11 PRO MAX,Rabat,12 800,
